YouTube Playlist Export,,,,
Published Date,Video URL,Channel,Title,Description
12/13/2016 11:14:34 AM,https://www.youtube.com/watch?v=2L2tuoO29Dw,RioMovieUK,Taio Cruz - 'Telling The World' - Official Rio Movie Soundtrack,Like us on Facebook for updates: http://www.facebook.com/riomovieuk Music video by Taio Cruz performing 'Telling The World'.
12/13/2016 11:14:34 AM,https://www.youtube.com/watch?v=gVrpLMr52YM,Chosen Sounds,Tez Cadey - Seve (Radio Edit),Buy the song on iTunes: https://itunes.apple.com/gb/album/seve-radio-edit-single Links to Tez Cadey: Twitter: https://twitter.com/TezCadey Soundcloud: soundcloud.com/tezcadey I do not own any audio content and will remove the video if asked by the copyright owner.
12/13/2016 11:14:35 AM,https://www.youtube.com/watch?v=W7NiugjqjIQ,Your Spirit Guide,CAZZETTE - Sleepless ft. The High (Prinston Acoustic Edit),YOUR SPIRIT GUIDE MUSIC: ¬ªSoundcloud https://soundcloud.com/icons-music ¬ªWebsite: http://iconsmusic.com/ ¬ªSpotify - spoti.fi/1nGFD5E ¬ªiTunes - www.smarturl.it/SleeplessRemixes1 PHOTO; Anne Mortensen ¬ª Site: https://www.flickr.com/photos/annemortensen/
12/13/2016 11:14:35 AM,https://www.youtube.com/watch?v=Ix8ocFEMa1o,Adam Lambert,"Adam Lambert - ""Ghost Town"" [Official Music Video]","Directed by Hype Williams. Download Adam Lambert's album ""The Original High"" featuring the single ""Ghost Town‚Äù now at http://adamofficial.com. Watch Adam's latest music video for ""Another Lonely Night"" at http://smarturl.it/alnvid. Official Store: http://smarturl.it/adam.d2c iTunes: http://smarturl.it/adam.itunes Amazon: http://smarturl.it/adam.amazon Google: http://smarturl.it/adam.google Spotify: http://smarturl.it/adam.spotify Shazam: http://bit.ly/1F7lcZg Follow Adam: http://twitter.com/adamlambert http://instagram.com/adamlambert http://facebook.com/adamlambert"
12/13/2016 11:14:36 AM,https://www.youtube.com/watch?v=k-ImCpNqbJw,DirtyMoneyVEVO,Diddy - Dirty Money - Coming Home ft. Skylar Grey,Music video by Diddy - Dirty Money performing Coming Home. ¬© Bad Boy/Interscope Records UK -- Last Train To Paris http://bit.ly/dQzRmI Released 24 Jan
12/13/2016 11:14:37 AM,https://www.youtube.com/watch?v=3kgwSODuLSI,Erison santos,John Dahlback ft Urban Cone & Lucas Nord We Were Gods Radio Edit,Segue l√° no Facebook: https://www.facebook.com/erison.santos.96 inscrevam-se no canal :)
12/13/2016 11:14:38 AM,https://www.youtube.com/watch?v=xp0NOjZlNlo,Madeon,Madeon - You're On (ft. Kyan),Debut album ADVENTURE: http://smarturl.it/AdventureDeluxe Vinyl and CDs: http://smarturl.it/MadeonOfficialStore?IQid=yt YOU'RE ON Download: http://smarturl.it/YoureOn?IQid=yt Streaming: http://smarturl.it/YoureOnStream?IQid=yt MADEON Subscribe: http://smarturl.it/MadeonYT?IQid=yt http://madeon.fr/ https://facebook.com/itsmadeon https://twitter.com/madeon KYAN http://twitter.com/kyanmusic http://facebook.com/kyanmusic
12/13/2016 11:14:38 AM,https://www.youtube.com/watch?v=9Sc-ir2UwGU,KygoOfficialVEVO,Kygo - Firestone (Official Video) ft. Conrad Sewell,Spotify: http://bit.ly/kygofirestone iTunes: http://hyperurl.co/kygofirestone Facebook: https://www.facebook.com/kygoofficial Instagram: http://instagram.com/kygomusic SoundCloud: https://soundcloud.com/kygo Website: http://kygomusic.com/ Jon JonAugustavo Director Andrew Lerios Producer #Kygo #Firestone #vevo #electronic #vevoofficial
12/13/2016 11:14:38 AM,https://www.youtube.com/watch?v=R1e2nAeA69U,Ultra Music,Klingande feat. Broken Back - RIVA (Restart The Game) [Cover Art],"Klingande feat. Broken Back - RIVA (Restart The Game) available now! iTunes: http://smarturl.it/Riva Beatport: http://btprt.dj/1E9CZk2 Check out ""RIVA (Restart The Game)"" on our ""Today's Deep House"" Spotify playlist! http://smarturl.it/TodaysDeepHouse from Ultra Music Subscribe to Ultra Music - http://www.youtube.com/subscription_center?add_user=ultrarecords Subscribe to UltraTV - http://www.youtube.com/subscription_center?add_user=ultratv Ultra Music is an American independent electronic music record label based in New York City. Ultra's current roster includes Benny Benassi, The Bloody Beetroots, Steve Aoki, Lil Jon, Above & Beyond, Hot Since 82, Faul, Chris Lake, Klingande, Bakermat, Carnage, Mr Probz, Flosstradamus, Hardwell, Henry Krinkle, Chris Malinchak, Storm Queen, Congorock, Adrian Lux, Axwell, TOKiMonsta, and others. Ultra has featured releases from the aforementioned artists and many others including Ti√´sto, Avicii, Paul van Dyk, Paul Oakenfold, The Crystal Method, Sasha & John Digweed, and others. Ultra Music Online: http://www.ultramusic.com http://www.twitter.com/ultrarecords http://www.facebook.com/ultramusic http://www.youtube.com/ultratv http://merch.ultramusic.com http://instagram.com/ultrarecords https://soundcloud.com/ultrarecords http://open.spotify.com/user/ultramusicofficial"
12/13/2016 11:14:39 AM,https://www.youtube.com/watch?v=e3_JOQfXTQ8,JakeMillerVideoVEVO,Jake Miller - A Million Lives,"Music video by Jake Miller performing A Million Lives. 2013 Entertainment One U.S., LP"
12/13/2016 11:14:40 AM,https://www.youtube.com/watch?v=wfkGR6PlWDk,Jake Miller,Jake Miller - Rumors (Official Music Video),"Download my new album 2:00am in LA below! iTunes: https://itunes.apple.com/us/album/2-00am-in-la/id1246148647 Spotify: https://open.spotify.com/album/4pAl8AKouRfHLXGetS8pwM Get tickets to my tour at jakemiller.com 7/8 - Sayreville, NJ - http://tinyurl.com/o9gbefl 7/9 - New York, NY - http://tinyurl.com/ncaoquh 7/11 - Boston, MA - http://tinyurl.com/nah9j8o 7/14 - New Haven, CT - http://tinyurl.com/q6omqoe 7/15 - Lancaster, PA - http://tinyurl.com/nww7tf4 7/17 - Washington, DC - http://tinyurl.com/q4q4qh7 7/18 - Philly, PA - http://tinyurl.com/kr4dn5z 7/19 - Pittsburgh, PA - http://tinyurl.com/kbse4o9 7/21 - Cincinnati, OH - http://tinyurl.com/myn2fye 7/22 - Charlotte, NC - http://tinyurl.com/khaqg6f 7/24 - Orlando, FL - http://tinyurl.com/kfxaj3b 7/25 - Fort Lauderdale, FL - http://tinyurl.com/kup7bc5 7/26 - Jacksonville, FL - http://tinyurl.com/ncva6sw 7/28 - Atlanta, GA - http://tinyurl.com/m4to85z 7/31 - Pontiac, MI - http://tinyurl.com/lscrwsq 8/1 - Cleveland, OH - http://tinyurl.com/os36cne 8/3 - Milwaukee, WI - http://tinyurl.com/qj3otx9 8/4 - Chicago, IL - http://tinyurl.com/llae9u5 8/5 - Kansas City, MO - http://tinyurl.com/lq842po 8/8 - Phoenix, AZ - http://tinyurl.com/mjzdylg 8/9 - San Diego, CA - 8/9 - http://tinyurl.com/qfrt4mj 8/10 - San Francisco, CA - http://tinyurl.com/ltqnppp 8/11 - Los Angeles, CA - http://tinyurl.com/lmdmjwd 8/13 - Anaheim, CA - http://tinyurl.com/kywkarw Info on tickets, meet and greets, and on sale dates at jakemiller.com https://twitter.com/jakemiller Facebook: https://www.facebook.com/jakemillermusic Instagram: http://instagram.com/jakemiller Management: Frank@23-management.com Music video by Jake Miller performing Rumors. ¬© Warner Brothers Records. Directed by Edgar Esteves"
12/13/2016 11:14:40 AM,https://www.youtube.com/watch?v=Wa5B22KAkEk,Wiz Khalifa,"Snoop Dogg & Wiz Khalifa - Young, Wild and Free ft. Bruno Mars [Official Video]","Watch the best videos on YouTube from Wiz Khalifa here: http://www.youtube.com/playlist?list=PLakoz4isJL_mdAOvmFD8ddUZFZc4Hqewo Wiz Khalifa's new album O.N.I.F.C. is available December 4, 2012: http://bit.ly/onifcitunes Wiz Khalifa exclusive merch bundles available now! http://bit.ly/ZtYFRD"
12/13/2016 11:14:41 AM,https://www.youtube.com/watch?v=JZVcHNC4JeA,MrRevillz,Mandelbarth - Palmtree,"Subscribe to MrRevillz: http://bit.ly/J9hEMW Support on iTunes: http://bit.ly/1JavCWJ Listen on Spotify: http://spoti.fi/1VB7bZB ‚Ä¢ Follow MrRevillz Youtube - http://youtube.com/MrRevillz Facebook - http://facebook.com/MrRevillz Soundcloud - http://soundcloud.com/MrRevillz Spotify - http://spoti.fi/1UKVReL Twitter - http://twitter.com/MrRevillz Instagram - http://instagram.com/MrRevillz_Official Snapchat - MrRevillz ‚Ä¢ Follow Mandelbarth https://soundcloud.com/mandelbarth http://facebook.com/pages/Mandelbarth/301583790011988 ‚Ä¢ Picture by Julia Caesar http://flickr.com/photos/81523302@N02 http://instagram.com/juliacaesar ‚Ä¢ Get a MrRevillz T-Shirt! http://mrrevillz.bigcartel.com For any business enquiries, photo and song submissions or anything else please do not hesitate to contact us - Info@MrRevillz.com"
12/13/2016 11:14:41 AM,https://www.youtube.com/watch?v=3hXYSU9CjAI,pasimo,Marcus Mouya - Sweet Insomnia,Marcus Mouya - Sweet Insomnia
12/13/2016 11:14:42 AM,https://www.youtube.com/watch?v=BgfcToAjfdc,KygoMusic,Kygo - Stole The Show feat. Parson James [Official Music Video - YTMAs],"Cloud Nine is out now: iTunes: http://smarturl.it/CloudNineiT Spotify: http://smarturl.it/CloudNineSp Stole the Show feat Parson James out now: Spotify: http://smarturl.it/STSSpotify iTunes: http://smarturl.it/STSiTunes Play: http://goo.gl/WVf0JF The new music video for Kygo's Stole the Show feat. Parson James. Directed by Saman Kesh, presented by the 2015 YouTube Music Awards #YTMA Watch exclusive behind-the-scenes footage: http://youtu.be/xmDE1A7JaXM The 2015 YouTube Music Awards are presented by Kia. Kygo http://www.soundcloud.com/kygo https://www.facebook.com/kygoofficial/ http://www.instagram.com/kygomusic http://www.twitter.com/kygomusic https://www.youtube.com/user/KygoOfficialVEVO/ http://kygomusic.com Credits: Director: Saman Kesh Production Company: Vision Film Co In Association with: Skunk EP: Matt Factor EP: Shelly Townsend Video Commissioner: Laura Tunstall Producer / EP: Geoff McLean Director of Photography: Guillermo Garza Stylist: Michelle Thompson Production Designer: Jason Kisvarday Astro 1: Ron Myles Astro 2: Olga Sokolova Miniatures: Fon Davis SPFX: Alterian Inc Editor: Paul Rogers Post Co: Varnish Post Producer: Nicholas Carmen Post Animation: Marc Steinberg Additional Animation: Paul Laberge Post Sound: Brent Kiser"
12/13/2016 11:14:43 AM,https://www.youtube.com/watch?v=LHCob76kigA,Lukas Graham,Lukas Graham - 7 Years [OFFICIAL MUSIC VIDEO],"7 Years by Lukas Graham. ""A mix of Christiania, Copenhagen and Los Angeles is combined to give you a beautiful imagery to help the song along. I really hope you like it."" - Lukas Graham Get the Self-titled Album featuring ""7 Years"" here: http://smarturl.it/LukasGrahamAlbum Learn about the meaning behind ""7 Years"" here: http://genius.com/8019908 Get 7 Years on iTunes: http://smarturl.it/7Years Listen on Spotify: http://smarturl.it/7YearsSpotify Directed by Ren√© Sascha Johannsen, Produced by The Woerks & Seven Pictures Connect with Lukas Graham: https://www.facebook.com/LukasGraham https://twitter.com/LukasGraham http://instagram.com/LukasGraham http://smarturl.it/LukasGrahamSpotify Lyrics: Once I was seven years old my mama told me, Go make yourself some friends or you'll be lonely Once I was seven years old It was a big, big world but we thought we were bigger Pushing each other to the limits, we were learning quicker By eleven smoking herb and drinking burning liquor Never rich so we were out to make that steady figure Once I was eleven years old my daddy told me, Go get yourself a wife or you'll be lonely Once I was eleven years old I always had that dream like my daddy before me So I started writing songs, I started writing stories Something about that glory just always seemed to bore me ‚ÄòCause only those I really love will ever really know me Once I was twenty years old my story got told Before the morning sun when life was lonely Once I was twenty years old I only see my goals I don't believe in failure ‚ÄòCause I know the smallest voices they can make it major I got my boys with me, at least those in favor And if we don't meet before I leave I hope I'll see you later Once I was twenty years old my story got told I waswriting 'bout everything I saw before me Once I was twenty years old Soon we'll be thirty years old, our songs have been sold We'vetraveled around the world and we're still roaming Soon we'll be thirty years old I'm still learning about life, my woman brought children for me So I can sing them all my songs and I can tell them stories Most of my boys are with me, some are still out seeking glory And some I had to leave behind, my brother I'm still sorry Soon I'll be sixty years old, my daddy got sixty-one Remember life and then your life becomes a better one I made a man so happy when I wrote a letter once I hope my children come and visit once or twice a month Soon I'll be sixty years old, will I think the world is cold Or will I have a lot of children who can warm me Soon I'll be sixty years old (P) 2015 Copenhagen Records / Warner Chappell Music / Then We Take The World (C) 2015 Copenhagen Records / Warner Music Group / Then We Take The World"
12/13/2016 11:14:43 AM,https://www.youtube.com/watch?v=NG0dMgS3100,Riptide Music,Kelvin Jones - Call You Home (Faul & Wad Ad Remix),"http://www.lachillmusic.com | http://www.facebook.com/LaChillMusic | http://twitter.com/LaChillMusic | Œî Follow Faul & Wad : https://soundcloud.com/faul-official https://twitter.com/Faulandwad https://www.facebook.com/FaulMusic/ Œî All rights belong to the artist (Faul & Wad). NO COPYRIGHT INTENDED. In case of complains, please contact Chill Music at the following adress : lamusiquechill@gmail.com"
12/13/2016 11:14:44 AM,https://www.youtube.com/watch?v=rSbN3rREOM8,Spinnin' Records,MOGUAI ft. CHEAT CODES - Hold On (Lyric Video),"MOGUAI ft. CHEAT CODES - Hold On is OUT NOW. Download on Beatport HERE: http://btprt.dj/1WsZW8h Download on iTunes: http://smarturl.it/MoguaiHoldOn Listen on Spotify: http://spoti.fi/1F0OLPi Stay up to date on more Spinnin' artists & music here! ‚ñ∫ https://spinninrecords.com --- The Spinnin‚Äô Records YouTube channel is the home for all music videos of the world‚Äôs leading dance record label! We feature the latest music videos by Spinnin‚Äô artists like Oliver Heldens, Sam Feldt, KSHMR, Ummet Ozcan, Blasterjaxx, Merk & Kremont, Timmy Trumpet, Tujamo, Alok, Curbi, Mike Williams, Lucas & Steve and many, many more! Expect daily uploads of official music videos, lyric videos and artwork videos across genres like dance, house, electro house, future house, deep house, big room and trap. Make sure to subscribe to Spinnin' Records: http://bit.do/spinnintv ..and turn on notifications to stay updated with all new uploads!üîî Follow Spinnin‚Äô Records: https://open.spotify.com/user/spinninrecordsofficial https://soundcloud.com/spinninrecords https://facebook.com/SpinninRecords https://instagram.com/spinninrecords https://twitter.com/SpinninRecords https://spinninrecords.com"
12/13/2016 11:14:44 AM,https://www.youtube.com/watch?v=tD4HCZe-tew,ZaraLarssonMusicVEVO,Zara Larsson - Lush Life,"Download """"Lush Life"""" at iTunes: http://smarturl.it/LushLifeiTunes Spotify: http://smarturl.it/LushLifeSptfy Google Play: http://smarturl.it/LushLifeGP Amazon: http://smarturl.it/LushLifeAmzn Join Zara Larsson online: http://www.instagram.com/zaralarsson https://www.facebook.com/ZaraLarssonO... https://twitter.com/zaralarsson http://zaralarsson.se http://www.zaralarssonofficial.com/ Lyrics: I live my day as if it was the last Live my day as if there was no past Doin' it all nite, all summer Doin' it the way I wanna Yeah I'mma dance my heart out 'til the dawn But I won't be done when morning comes Doin' it all nite, all summer Gonna spend it like no other It was a crush But I couldn't, couldn't get enough It was a rush But I gave it up It was a crush Now I might have went and said too much But that's all it was So I gave it up I live my day as if it was the last Live my day as if there was no past Doin' it all nite, all summer Doin' it the way I wanna Yeah I'mma dance my heart out 'til the dawn But I won't be done when morning comes Doin' it all nite, all summer Gonna spend it like no other It was a crush I kept saying I'mma stay in touch But that thing went bust So I gave it up, ooh No tricks, no bluff I'm just better off without them cuffs Yeah the sun won't set on us Yeah! Went low, went high Still waters run dry Gotta get back in the groove I ain't ever worry Went low, went high What matters is now Getting right back in the mood I live my day as if it was the last Live my day as if there was no past Doin' it all nite, all summer Doin' it the way I wanna Yeah I'mma dance my heart out 'til the dawn But I won't be done when morning comes Doin' it all nite, all summer Gonna spend it like no other Now I've found another crush The lush life's given me a rush Had one chance to make me blush Second time is one too late Now I've found another crush The lush life's given me a rush Had one chance to make me blush Second time is one too late I live my day as if it was the last Live my day as if there was no past Doin' it all nite, all summer Doin' it the way I wanna Yeah I'mma dance my heart out 'til the dawn But I won't be done when morning comes Doin' it all nite, all summer Gonna spend it like no other Now I've found another crush The lush life's given me a rush Had one chance to make me blush Second time is one too late Now I've found another crush The lush life's given me a rush Had one chance to make me blush Second time is one too late http://ten.se http://www.facebook.com/TENmusicgroup Music video by Zara Larsson performing Lush Life. (C) 2015 Record Company TEN, distributed by Sony Music Entertainment"""
12/13/2016 11:14:44 AM,https://www.youtube.com/watch?v=JUwRVQsLnrU,MrRevillz,Listenbee - Save Me,"Subscribe to MrRevillz: http://bit.ly/J9hEMW Support on iTunes: http://bit.ly/1vDLA4I Listen on Spotify: http://spoti.fi/1VB7bZB ‚Ä¢ Follow MrRevillz Youtube - http://youtube.com/MrRevillz Facebook - http://facebook.com/MrRevillz Soundcloud - http://soundcloud.com/MrRevillz Spotify - http://spoti.fi/1UKVReL Twitter - http://twitter.com/MrRevillz Instagram - http://instagram.com/MrRevillz_Official Snapchat - MrRevillz ‚Ä¢ Follow Listenbee https://soundcloud.com/listenbee https://facebook.com/listenbeemusic ‚Ä¢ Picture http://bit.ly/1x3i2lh For any business enquiries, copyright concerns please do not hesitate to contact us - Info@MrRevillz.com"
12/13/2016 11:14:46 AM,https://www.youtube.com/watch?v=CyNcgqUjRe4,Apeiron,Hollow Coves - The Woods (Lyrics in CC),"Apeiron - Music for Infinity. ‚àû Spotify: https://open.spotify.com/user/apeironsound ‚àû Facebook http://facebook.com/ApeironSound ¬ª Available at: ITunes: https://itunes.apple.com/album/id969603435 Spotify: https://play.spotify.com/artist/7IAFAOtc9kTYNTizhLSWM6 ¬ª Follow Hollow Coves: https://soundcloud.com/hollow-coves https://www.facebook.com/HollowCoves https://twitter.com/HollowCoves https://hollowcoves.bandcamp.com ¬ª Picture: Caleb George ‚úñ Become part of the Infinity: ‚àû Facebook http://facebook.com/ApeironSound ‚àû Spotify: https://open.spotify.com/user/ApeironSound ‚àû Instagram http://instagram.com/ApeironSound ‚àû SoundCloud https://soundcloud.com/ApeironSound ‚àû Twitter http://twitter.com/ApeironSound Use #ApeironSound to give me a chance to see your posts. Activate ""notifications"" for Apeiron by pressing the bell besides the subscription button and never miss a song! Lyrics for ""Hollow Coves - The Woods"" can be found in the comments. Alternatively, turn on captions (CC) and enjoy the lyrics on screen!"
12/13/2016 11:14:46 AM,https://www.youtube.com/watch?v=KOYgdJJSeXk,Sakar Pradhan,The Script - If You Ever Come Back with Lyrics,Check Out This Page - https://www.facebook.com/yousynmusicchart?fref=ts (Like it) No Copyright Intended The Music belongs to its respectful Owner..
12/13/2016 11:14:46 AM,https://www.youtube.com/watch?v=FyASdjZE0R0,ChainsmokersVEVO,The Chainsmokers - Roses (Audio) ft. ROZES,"The Chainsmokers debut album 'Memories... Do Not Open' out April 7th featuring ""Something Just Like This"", ""Paris"" and 10 brand new songs from The Chainsmokers! Pre-order digital album: http://smarturl.it/TCSMemories Pre-order CD: http://smarturl.it/TCSMemoriesCD Pre-order Vinyl LP: http://smarturl.it/TCSMemoriesVinyl Follow The Chainsmokers: Facebook: https://www.facebook.com/thechainsmokers Twitter: https://twitter.com/thechainsmokers Instagram: https://instagram.com/thechainsmokers Spotify: https://open.spotify.com/artist/69GGBxA162lTqCwzJG5jLp Music video by The Chainsmokers performing Roses. (C) 2015 Disruptor Records/Sony Music Entertainment #Chainsmokers #Roses #vevo #electronic #vevoofficial #audio"
12/13/2016 11:14:47 AM,https://www.youtube.com/watch?v=97S0ckV9VfM,JusticeCrewVEVO,Justice Crew - I Love My Life,"Justice Crew‚Äôs new single ‚ÄòI Love My Life‚Äô taken from their album ‚ÄòLive By The Words‚Äô, is out now: iTunes: http://smarturl.it/JCILML Google Play: http://smarturl.it/LiveByTheWords Sanity: http://smarturl.it/LBTWsanity JB Hi-Fi: http://smarturl.it/LBTWJB Follow Justice Crew: Website: http://www.justicecrew.com Instagram: http://www.instagram.com/JusticeCrewOfficial Facebook: http://www.facebook.com/JusticeDanceCrew Twitter: http://www.twitter.com/JusticeCrew YouTube: http://www.youtube.com/JusticeCrewTV Music video by Justice Crew performing I Love My Life. (C) 2015 Sony Music Entertainment Australia Pty Ltd."
12/13/2016 11:14:47 AM,https://www.youtube.com/watch?v=HdzI-191xhU,ODESZA,ODESZA - Say My Name (feat. Zyra) - Lyric Video,"""Say My Name (feat. Zyra)"" from the recently announced full-length album 'In Return', out September 9th, 2014 on Counter Records (an imprint of Ninja Tune). Download our official app here: http://ODESZA.co/app PRE-ORDER 'In Return' in 2xLP Vinyl, CD, 24-bit WAV, 16-bit WAV, and MP3 now at odesza.com Tickets for the 2014 In Return Tour on sale now at odesza.com Follow ODESZA on: Facebook: http://odesza.co/facebook Twitter: http://odesza.co/twitter Instagram: http://odesza.co/instagram Spotify: http://odesza.co/spotify YouTube: http://odesza.co/youtube SoundCloud: http://odesza.co/soundcloud Lyrics: I wanna go So what‚Äôd you say When you gonna let me know If you give a damn about me ‚ÄòCause you got my hands tied In my defense I always fall for confidence And your compliments look good on me Cause nobody knows it better than the girl in the corner with the scarlet letter And while you‚Äôre watching you may think that she doesn‚Äôt matter But no one knows you better I wanna dance I wanna dance I wanna dance with you So take a chance take a chance Oh yeah I need a sign or a signal I‚Äôve overthought everything I can think of Into symbol I need the coat and your jacket And the remnants of your cigarette packet I wanna go So what‚Äôd you say When you gonna let me know If you give a damn about me ‚ÄòCause you got my hands tied In my defense I always fall for confidence And your compliments look good on me Cause nobody knows it better than the girl in the corner with the scarlet letter and while you‚Äôre watching you think that she doesn‚Äôt matter but no one knows you better I wanna dance I wanna dance I wanna dance with you So take a chance take a chance Oh yeah"
12/13/2016 11:14:48 AM,https://www.youtube.com/watch?v=tC9qrCMpukQ,AlexAdairVEVO,Alex Adair - Heaven (Official Video),Heaven out now! Download or stream below: Download: http://po.st/Heavendlyt Spotify: http://po.st/Heavenspyt Apple Music: http://po.st/Heavenamyt Follow Alex Adair here: Facebook: https://www.facebook.com/AlexAdairOfficial Twitter: https://twitter.com/alexadairmusic Instagram: https://instagram.com/alexadairofficial/ Spotify: http://po.st/AlexAdairSP
12/13/2016 11:14:48 AM,https://www.youtube.com/watch?v=ILljLDHcxjU,Spinnin' Records,Waterm√§t & TAI - Frequency (Official Music Video),"Waterm√§t & TAI - Frequency is OUT NOW! Grab you copy on Beatport HERE: http://btprt.dj/1aalLH3 Stay up to date on more Spinnin' artists & music here! ‚ñ∫ https://spinninrecords.com Incredibly big tune by Waterm√§t & TAI, building upon an effective piano groove, turning this from catchy house music to a bigger than life future anthem. It‚Äôs got main stage written all over it, without falling for the known big room sounds. This is new and highly creative dance music, Frequency setting the standard for house music to come. HUGE! Join Waterm√§t: http://facebook.com/WatermatMusic http://twitter.com/watermatmusic Join TAI: https://www.facebook.com/therealtai https://twitter.com/therealTAI Video by Nima Nabili Rad --- The Spinnin‚Äô Records YouTube channel is the home for all music videos of the world‚Äôs leading dance record label! We feature the latest music videos by Spinnin‚Äô artists like Oliver Heldens, Sam Feldt, KSHMR, Ummet Ozcan, Blasterjaxx, Merk & Kremont, Timmy Trumpet, Tujamo, Alok, Curbi, Mike Williams, Lucas & Steve and many, many more! Expect daily uploads of official music videos, lyric videos and artwork videos across genres like dance, house, electro house, future house, deep house, big room and trap. Make sure to subscribe to Spinnin' Records: http://bit.do/spinnintv ..and turn on notifications to stay updated with all new uploads!üîî Follow Spinnin‚Äô Records: https://open.spotify.com/user/spinninrecordsofficial https://soundcloud.com/spinninrecords https://facebook.com/SpinninRecords https://instagram.com/spinninrecords https://twitter.com/SpinninRecords https://spinninrecords.com"
12/13/2016 11:14:49 AM,https://www.youtube.com/watch?v=i3DP6YTSzno,Indulge,Jonas Blue - Fast Car (feat. Dakota) [Radio Edit],Like us on Facebook- https://www.facebook.com/officialindulge/ Jonas Blue - Fast Car (feat. Dakota) [Radio Edit] Jonas Blue - Fast Car (feat. Dakota) [Radio Edit] Download Fast Car Now! Spotify - http://po.st/FastCarSp Apple Music - http://po.st/FastCarAM iTunes - http://po.st/JonasFastCar Check Out Jonas Blue at: https://www.youtube.com/channel/UCC6sWkXNQqyS2r6u6xQ_GdQ http://www.vevo.com/artist/jonas-blue https://www.facebook.com/JonasBlueMusic/ https://twitter.com/jonasbluemusic https://www.instagram.com/jonasbluemusic/ https://play.spotify.com/artist/1HBjj22wzbscIZ9sEb5dyf Check Out Dakota at: https://www.instagram.com/soundofdakota/ Background: http://alpha.wallhaven.cc/wallpaper/42520 Want us to promote your Music/Artwork/Photo on our Channel? Email us at: indulgecontact@gmail.com
12/13/2016 11:14:49 AM,https://www.youtube.com/watch?v=Io0fBr1XBUA,ChainsmokersVEVO,The Chainsmokers - Don't Let Me Down (Video) ft. Daya,"The Chainsmokers - ""Don't Let Me Down"" ft. Daya out now! Spotify: http://smarturl.it/DLMDStream Apple Music: http://smarturl.it/DLMDAppleMusic Director: Marcus Kuhne Producer: Thom Fennessey & Eric Ro Exec Producer: Thom Fennessey Production Company: Collaboration Factory Follow The Chainsmokers: http://www.youtube.com/thechainsmokers http://www.twitter.com/thechainsmokers http://www.facebook.com/thechainsmokers http://www.instagram.com/thechainsmokers http://www.soundcloud.com/thechainsmokers Follow Daya: http://www.theofficialdaya.com https://www.facebook.com/theofficialdaya https://www.instagram.com/daya https://twitter.com/Daya https://www.youtube.com/user/DayaOffi..."
12/13/2016 11:14:49 AM,https://www.youtube.com/watch?v=sk-BcSIzkn4,This Wild Life,This Wild Life - Concrete (Live Session),"""Is it too late to get away? Cause it‚Äôs not too late for me"" - watch our music video for 'Positively Negative' at http://youtu.be/hq0zTPaNroY This Wild Life's live session for 'Concrete' from the album, Clouded (Atmosphere Edition) - available now on Epitaph Records at http://smarturl.it/twlclouded See This Wild Life on tour this fall with Mayday Parade and William Ryan Key - see dates and get tickets at http://thiswildlifeband.com Visit http://store.thiswildlifeband.com for our latest merchandise! Site: http://thiswildlifeband.com Spotify: http://thiswildlifeband.com/spotify Facebook: http://facebook.com/thiswildlife Instagram: http://instagram.com/thiswildlife Twitter: http://twitter.com/thiswildlife LYRICS I‚Äôve got feet like concrete, and a head like lead God I feel so heavy, I give up and head home I just want to be left alone Woah, I treated you with honesty honestly, you promised me, promised me Woah, You said that you were sorry you‚Äôre far away, you‚Äôd always come back for me You‚Äôre break, breaking your word, I don‚Äôt care what you‚Äôve heard Cause you‚Äôve fucked up, yeah you fucked up Yeah, I thought we‚Äôd live off love but it was not enough, not enough And I just need a day, to shed this dead weight, and to get my head straight I just want to let go, I just want to be left alone Woah, I treated you with honesty honestly, you promised me, promised me Woah, You said that you were sorry you‚Äôre far away, you‚Äôd always come back for me You‚Äôre break, breaking your word, I don‚Äôt care what you‚Äôve heard Cause you‚Äôve fucked up, yeah you fucked up Yeah, I thought we‚Äôd live off love but it was not enough, not enough It was not enough, it was never enough Yeah, thought we‚Äôd live off love but it was not enough, not enough Woah, I treated you with honesty honestly, you promised me, promised me Woah, You said that you were sorry you‚Äôre far away, you‚Äôd always come back for me You‚Äôre break, breaking your word, I don‚Äôt care what you‚Äôve heard Cause you‚Äôve fucked up, yeah you fucked up Yeah, I thought we‚Äôd live off love but it was not enough, not enough Woah, I treated you with honesty honestly, you promised me, promised me Woah, You said that you were sorry you‚Äôre far away, you‚Äôd always come back for me You‚Äôre break, breaking your word, I don‚Äôt care what you‚Äôve heard Cause you‚Äôve fucked up, yeah you fucked up Yeah, I thought we‚Äôd live off love but it was not enough, not enough #thiswildlife #epitaph #clouded"
12/13/2016 11:14:51 AM,https://www.youtube.com/watch?v=ze6H75NCUs8,SigalaVEVO,"Sigala - Give Me Your Love (Official Video) ft. John Newman, Nile Rodgers","Sigala's new single 'Give Me Your Love' featuring John Newman and Nile Rodgers is out now! iTunes: http://po.st/GMYLiT Spotify: http://po.st/GMYLsp Apple Music: http://po.st/GMYLam Google Play: http://po.st/GMYLgp First premiered by Clara Amfo on BBC Radio 1 on April 8, 2016. Connect with Sigala: Facebook: http://www.facebook.com/sigalamusic Twitter: http://www.twitter.com/sigalamusic Soundcloud: http://www.soundcloud.com/sigalamusic Instagram: http://www.instagram.com/sigalamusic http://vevo.ly/qTwuRo Best of Sigala: https://goo.gl/jyscQA Subscribe here: https://goo.gl/aqG4vp"
12/13/2016 11:14:51 AM,https://www.youtube.com/watch?v=row0Jp0wlOE,SheppardVEVO,Sheppard - Let Me Down Easy,"Bombs Away is available to order now: Order on iTunes: http://po.st/SheppardBAVEVOiT Order on Amazon: http://po.st/SheppardBAVEVOAm Order on Google Play: http://po.st/SheppardBAVEVOGP Listen to Sheppard on Spotify: http://po.st/SheppardVEVOSp Let Me Down Easy by Sheppard is the third track from their debut album, 'Bombs Away', available to order now. Follow the band: http://wearesheppard.com http://www.facebook.com/wearesheppard http://twitter.com/wearesheppard http://instagram.com/wearesheppard Music video by Sheppard performing Let Me Down Easy. (C) 2014 Empire Of Song (Australia) Pty Limited, under exclusive licence to Decca, a division of Universal Music Operations Ltd"
12/13/2016 11:14:51 AM,https://www.youtube.com/watch?v=Lq6n7Hlgjw4,MrSuicideSheep,Pierce Fulton - Borrowed Lives (feat. NVDES),Borrowed Lives! Pre-order EP... http://apple.co/295EcjY Listen on Spotify... http://spoti.fi/295EOpy Pierce Fulton https://soundcloud.com/piercefulton https://www.facebook.com/PierceFulton https://twitter.com/piercefulton https://www.youtube.com/piercefulton NVDES https://soundcloud.com/nvdes https://www.facebook.com/nvdesmusic/ https://twitter.com/nvdesmusic Released by Seeking Blue Full channel playlist on Spotify!!!! Click and listen for hours! http://bit.ly/MrSuicideSheepSpotify Facebooobs https://www.facebook.com/MrSuicideSheep Follow on Soundcloud https://soundcloud.com/mrsuicidesheep Follow on Twitter https://twitter.com/mrsuicidesheep Sheepy shop http://bit.ly/2eX4dkf Submit tracks http://mrsuicidesheep.tracksubmit.com/submit/
12/16/2016 2:05:34 AM,https://www.youtube.com/watch?v=MizSkQFw-yM,MrSuicideSheep,Stalgia - BDY,BDY~ Download... http://found.ee/BdyIT Stalgia https://soundcloud.com/stalgiaband https://www.facebook.com/stalgiaband https://twitter.com/stalgiaband Released by Crooked Paintings https://www.facebook.com/CrookedPaintngs/ http://crookedpaintings.com/ https://twitter.com/CrookedPaintngs Picture by Ibai Acevedo http://www.flic.kr/p/fbm3FT http://www.ibaiacevedo.com/ https://www.facebook.com/ibaiacevedophotography/ Full channel playlist on Spotify!!!! http://bit.ly/MrSuicideSheepSpotify Facebooobs!! https://www.facebook.com/MrSuicideSheep Follow on Soundcloud https://soundcloud.com/mrsuicidesheep Follow on Twitter https://twitter.com/mrsuicidesheep Website http://mrsuicidesheep.com/ Sheepy shop http://bit.ly/2eX4dkf Sheepy news http://bit.ly/2fhUNQB Submit tracks http://bit.ly/2aPHMvw
12/25/2016 5:09:07 PM,https://www.youtube.com/watch?v=HobnTVYeRvY,Proximity,Felix Cartal - Drifting Away (ft. Ofelia K),"‚Ä¢ Proximity - Your favorite music you haven't heard yet. ¬ª Spotify!: http://spoti.fi/Proximity ¬ª Facebook: http://bit.ly/FBProximity Download: https://felix-cartal.lnk.to/driftingawayID Felix Cartal back at it again with an AMAZING track. With Ofelia K. Hope you all enjoy! :) ‚Ä¢Felix Cartal: https://twitter.com/felixcartal https://soundcloud.com/felixcartal https://www.facebook.com/felixcartal ‚Ä¢Ofelia K: https://twitter.com/heyofelia https://soundcloud.com/heyofelia https://www.facebook.com/heyofelia Picture by: Beeple http://beeple-crap.com / http://instagram.com/beeple_crap/ If you'd like to submit a picture, you can send it here: http://pandoric.com/contact Use the new template if you would like to submit a picture! :) http://goo.gl/yoEGNg"
12/30/2016 11:58:59 AM,https://www.youtube.com/watch?v=NVaqc8eQ2YQ,Something Else,Nujabes - Feather (Homework Edit),Picture: https://puu.sh/mgcbB.jpg
2/4/2017 4:52:38 PM,https://www.youtube.com/watch?v=WXrdYwG17PE,Parov Stelar,Parov Stelar - Catgroove (Official Audio),Subscribe Etage Noir - Official Parov Stelar Channel: http://goo.gl/qYgqDF Facebook: https://www.facebook.com/parovstelar iTunes: https://itunes.apple.com/de/album/coco-pt.-2/id324690487 Parov Stelar Homepage: http://parovstelar.com
2/10/2017 11:54:09 AM,https://www.youtube.com/watch?v=All6obzDgAQ,AirwaveMusicTV,Jacob Tillberg - Shape Of You,AirwaveMusicTV - Music for your heart. ‚ô• ¬ª Soundcloud: http://bit.ly/2394bHw ¬ª Facebook: http://bit.ly/1SuQFfR ¬ª Instagram: http://bit.ly/2imeLMA ¬ª Subscribe: http://bit.ly/1WUhw6Q Jacob Tillberg - Shape Of You Free Download: https://fanlink.to/ShapeofYou Spotify: https://play.spotify.com/track/5hmgIOkzo1ivObjZHpP7w9 ‚ñ∫ Jacob Tillberg https://soundcloud.com/jacobtillberg https://www.facebook.com/Jacob-Tillberg-Music-264098743645403 https://twitter.com/JacobTillberg ‚ñ∫ JompaMusic Records https://www.youtube.com/jompamusic https://soundcloud.com/jompamusic https://www.facebook.com/JompaMusic https://twitter.com/JompaMusic Artwork by Tea Girl http://teagirl-vn.deviantart.com/ Donate via PayPal and support my channel: https://www.paypal.com/cgi-bin/webscr?cmd=_s-xclick&hosted_button_id=8QATLXWBAW8BA Business inquiries & submissions: AirwaveMusicTV@gmail.com
2/10/2017 12:01:51 PM,https://www.youtube.com/watch?v=8M6-rZ_2X68,AirwaveMusicTV,Diamond Eyes - Hold on,AirwaveMusicTV - Music for your heart. ‚ô• ¬ª Soundcloud: http://bit.ly/2394bHw ¬ª Facebook: http://bit.ly/1SuQFfR ¬ª Instagram: http://bit.ly/2imeLMA ¬ª Subscribe: http://bit.ly/1WUhw6Q Diamond Eyes - Hold on Free Download: https://www.followgate.com/dl/480e1d52c1 ‚ñ∫ Diamond Eyes https://soundcloud.com/iamdiamondeyes https://www.facebook.com/IamDiamondEyes https://twitter.com/IamDiamondEyes Photo: Lidia Savoderova http://lidiasavoderova.deviantart.com/ https://www.instagram.com/lidiaik/ https://www.facebook.com/intelkuritsa Donate via PayPal and support my channel: https://www.paypal.com/cgi-bin/webscr?cmd=_s-xclick&hosted_button_id=8QATLXWBAW8BA Business inquiries & submissions: AirwaveMusicTV@gmail.com
3/25/2017 3:34:48 AM,https://www.youtube.com/watch?v=RSNc_y1bvLY,AnimeUnity,Hyper Potions - Surf,‚òÜ Download: http://fanlink.to/surf Surf by Hyper Potions ‚òÜ Follow Hyper Potions YouTube: https://www.youtube.com/channel/UCbczsMZXABNe7o1oUrMAxVw Facebook: http://facebook.com/hyperpotions Twitter: http://twitter.com/hyperpotions Soundcloud: http://soundcloud.com/hyperpotions Instagram: http://instagram.com/hyperpotions ‚òÜ Artwork by ÂàÉÂ§© http://www.pixiv.net/member.php?id=512849 ‚òÜ Background http://www.pixiv.net/member_illust.php?mode=medium&illust_id=51668268 ‚òÜ AnimeUnity Twitter: https://twitter.com/AnimeUnity Facebook: http://www.facebook.com/AnimeUnity Patreon: https://www.patreon.com/AnimeUnity
4/8/2017 4:47:45 PM,https://www.youtube.com/watch?v=BJhLDHWQpWk,Sirup Music,EDX - Reckless Ardor (Original Mix),"Follow our Heavy Rotation playlist on Spotify! Your weekly updated essential mix: üî•‚Üí https://SirupMusic.lnk.to/HeavyRotation üé∂ Sirup Music: ‚Üí Facebook: http://www.facebook.com/SirupMusic ‚Üí Spotify: https://open.spotify.com/user/sirupmusic ‚Üí Instagram: http://www.instagram.com/SirupMusic ‚Üí Soundcloud: http://www.soundcloud.com/SirupMusic ‚Üí Twitter: http://www.twitter.com/SirupMusic Beatport Only: http://goo.gl/QkN6BE EDX - Reckless Ardor [Enormous Tunes - ETR189] Enormous Tunes is delighted to present the latest from EDX, ""Reckless Ardor"", an immense and encapsulating deep progressive track. After huge success with his productions ""Blessed"", ""Hazed"", ""Hyped"", his breathtaking collaboration with Leventina, ""The Tempest"" and his unmistakeable house remix of ""Thinking About You"" by Calvin Harris, EDX continues to incorporate different musical ideas to create unbridled magic. His unique productions and killer remixes in the likes of Kaskade, Sebastian Ingrosso, Dubfire, Funkagenda and Avicii, set EDX apart in the world of house music, establishing him as one of the hottest names on the scene and nothing short of spectacular. ""Reckless Ardor"" reflects EDX's mastery of chord progression. The chords filter down to blend with a pumping groove while haunting vocals and breathy Ah's float on top, exemplifying pure emotion. Stir your senses with another stellar release, injecting warmth into the winter season. Let yourself go with ""Reckless Ardor"" into a deep house escapade, a deep hypnotic mood. Artist: http://www.facebook.com/EDXmusic http://www.twitter.com/EDXmusic http://www.soundcloud.com/EDXmusic Infos: http://www.facebook.com/EnormousTunes http://www.sirupmusic.com http://www.youtube.com/sirupmusic http://www.facebook.com/SirupMusic"
5/9/2017 1:20:08 AM,https://www.youtube.com/watch?v=p6PuTFmn_ds,Kaleo Music,"Kaleo ""Hot Blood"" [Official Audio]","Music and Lyrics by JJ Julius Son Kaleo‚Äôs debut album, A/B, is available everywhere now. iTunes http://smarturl.it/KaleoAB Official Store http://smarturl.it/KaleoABpreorder Spotify http://smarturl.it/KaleoOnSpotify Amazon http://smarturl.it/KaleoAmazon Google Play http://smarturl.it/KaleoABgoogle ‚ñ∫ Subscribe to the channel: http://bit.ly/1wJHfES ‚ñ∫ Like us on Facebook: https://www.facebook.com/officialkaleo ‚ñ∫ Follow us on Twitter: https://twitter.com/officialkaleo ‚ñ∫ Follow us on Instagram: https://instagram.com/officialkaleo ‚ñ∫ Website http://officialkaleo.com"
7/27/2017 3:28:11 AM,https://www.youtube.com/watch?v=E3pAlmG4Gow,xKito Music,Vexento - Eyes Closed,"‚ô´ Free Download: https://soundcloud.com/vexento/vexento-eyes-closed [Genre: Electronic] ‚ñ∫Vexento: https://soundcloud.com/vexento https://www.youtube.com/channel/UCYZ9rknEmE4R1J_HBJ2yBlQ ‚ñ∫xKito Music: https://www.facebook.com/xKitoMusic https://twitter.com/xkito_music https://instagram.com/xkito_m/ https://soundcloud.com/xkitomusic https://www.youtube.com/c/xKitoMusic ‚ñ∫Submit your music to xKito: https://www.toneden.io/xkito ‚ñ∫SUBMIT YOUR ARTWORK! You like to draw and would like your art to be featured on an xKito Music Video? Send an email to xkitomusic@gmail.com with your art attached! ‚ñ∫PICTURE ‚Üí http://www.pixiv.net/member_illust.php?mode=medium&illust_id=47786283 ¬©Artwork by: NoriZC http://www.pixiv.net/member.php?id=4592232 https://twitter.com/NoriZCI ‚ñ∫Usage Policy: ‚úî You may use this track in your YouTube videos and monetize them, as long as you credit the artist on the description appropriately. - - - - - - - - - - - - - - - - - - - - - - - - - - - - - - - - - - - - - - - - - - - - - - - - ‚Ä¢IMPORTANT: If any artist or label has copyright issues with my videos (including artists of the images used), please send an e-mail to: xkitomusic@gmail.com and I will remove it immediately!"
8/2/2017 2:10:02 PM,https://www.youtube.com/watch?v=VlBt1uHHSsY,xKito Music,Fallen Roses ft. B dom - Yours And Nobody Else's,"‚ô´ Free Download: https://majesticartists.io/majesticcasual/fallen-roses-b-dom-yours-and-nobody-elses [Genre: Chill/Lo-Fi] [Label: Majestic Casual Records] ‚ñ∫Fallen Roses: https://soundcloud.com/wearefallenroses https://www.facebook.com/itsfallenroses https://twitter.com/itsfallenroses https://www.instagram.com/wearefallenroses/ ‚ñ∫B dom: https://soundcloud.com/b-dom https://www.facebook.com/ruben.reinosofarias ‚ñ∫Majestic Casual: https://www.youtube.com/c/majesticcasual https://soundcloud.com/Majesticcasual https://www.facebook.com/majesticcasual https://twitter.com/majesticcasual https://www.instagram.com/majesticcasual/ ‚ñ∫xKito Music: https://www.facebook.com/xKitoMusic https://twitter.com/xkito_music https://instagram.com/xkito_m/ https://soundcloud.com/xkitomusic https://www.youtube.com/c/xKitoMusic ‚ñ∫Submit your music to xKito: https://www.toneden.io/xkito ‚ñ∫SUBMIT YOUR ARTWORK! You like to draw and would like your art to be featured on an xKito Music Video? Send an email to xkitomusic@gmail.com with your art attached! ‚ñ∫PICTURE ‚Üí http://imgur.com/hFmo92N ¬©Artwork from: Sankarea: Undying Love ‚ñ∫Usage Policy: ‚úî You may use this track commercially on Youtube if proper credit is given. - - - - - - - - - - - - - - - - - - - - - - - - - - - - - - - - - - - - - - - - - - - - - - - - ‚Ä¢IMPORTANT: If any artist or label has copyright issues with my videos (including artists of the images used), please send an e-mail to: xkitomusic@gmail.com and I will remove it immediately!"
8/3/2017 4:43:33 AM,https://www.youtube.com/watch?v=6QvMcQ2Eejo,MrSuicideSheep,CloZee - Koto,'Feeling Sheepish'...http://bit.ly/SuicideSheepSpotify 'Experimental Week' Day 1. Oriental Trap for the win!! Download... http://bit.ly/1KqZUIt CloZee https://soundcloud.com/clozee https://www.facebook.com/CloZee/ https://twitter.com/CloZeeMusic Released by OTODAYO S≈´pa https://soundcloud.com/otodayosupa https://www.facebook.com/otodayo https://twitter.com/otodayorecords Artwork by Leo Chuang http://fav.me/d3dy73s http://leochuang.pixnet.net/blog Sheepy on Spotify http://bit.ly/MrSuicideSheepSpotify Facebooobs https://www.facebook.com/MrSuicideSheep Follow on Soundcloud https://soundcloud.com/mrsuicidesheep Follow on Twitter https://twitter.com/mrsuicidesheep Website http://mrsuicidesheep.com Sheepy Shop http://bit.ly/2b8GvBm Submit Tracks http://bit.ly/2aPHMvw
9/15/2017 4:08:23 PM,https://www.youtube.com/watch?v=kbjhO3iX1GY,Elegant Sister (ES),East Asia modern Folks Music Compilation,"Asia traditional Folks artists have been adapting to the changes of modern music by combining EDM effects with this several thousands year old genre. Therefore, both fan of Traditional Eastern Sound and EDM can enjoy these beautiful tracks. 0:00 [Remix]Ê°ú.ËèØ.ÂΩ© - Himmel„Éí„É°„É´ 4:53 „Åõ„Åõ„Çâ„Åé„ÅÆË™ò„ÅÜÈÅì - „Éè„É† 8:56 È´òË≤¥„Åï„Å®Â≠§È´ò„ÅÆ„Ç´„Éä„É´ - „Ç™„Éº„É©„Ç§„Éï„Ç∏„É£„Éë„É≥ (Circle) 14:23 Êà¶ÁãÇ‰π±Ëàû - Sakuzyo 18:06 Fuyunbenlang - Zeng Zhihao 20:33 Mi decision - CHRONOS RECORD 24:20 ÈÖîÊúà - aizawa_8lemo 27:54 Saika - Rabpit 29:50 „Ç¢„Ç¨„É´„Çø„ÅÆÈ¢® - rinx2musixxx 34:43 Silver temple - Takahiro Eguchi 37:12 Hua Sui Yue - V.KÂÖã 39:59 Saigetsu - Otokaze 42:01 Ê°úÈõ™Êë©Â§©Ê•º - „Éè„É† 46:05 ÂøÉÂΩ© - Himmel„Éí„É°„É´ 51:06 „Å©„Çç„Å©„Çç„Å©„Éº„Çì - „Ç™„Éº„É©„Ç§„Éï„Ç∏„É£„Éë„É≥ (Circle) 55:24 ÂπªÊÉ≥ÈÉ∑„ÅÆ‰∫å„ÉÉÂ≤© - rinx2musixxx 58:45 raimykong - Rin¬°¬Ø 1:03:39 Kozato snow - ÊÅãÊúàÊ°úËä± ‚òÖ Himmel„Éí„É°„É´: Soundclound ‚Üí https://soundcloud.com/himmeltengoku Youtube ‚Üí https://www.youtube.com/user/himmelte... Twitter ‚Üí https://twitter.com/himmeltengoku ‚òÖ „Ç™„Éº„É©„Ç§„Éï„Ç∏„É£„Éë„É≥ (Circle): Official Website ‚Üí http://touhounosekai.org/ ‚òÖ CHRONOSRECORD: Soundclound ‚Üí https://soundcloud.com/chronosrecord ‚òÖ rinx2musixxx: Soundclound ‚Üí https://soundcloud.com/rinx2musixxx Twitter ‚Üí https://twitter.com/rinx2musixxx ‚òÖ aizawa_8lemo: Soundclound ‚Üí https://soundcloud.com/aizawa_8lemo Offcial Website ‚Üí http://8lemo.com/ Twitter ‚Üí https://twitter.com/aizawa_8lemo ‚òÖ Kozato Yuzuki: Soundclound ‚Üí https://soundcloud.com/pwsl Twitter ‚Üí https://twitter.com/kozato_snow Platinawing sounds label ‚Üí http://pwsl.sakura.ne.jp/ ‚òÖ V.KÂÖã: Soundclound ‚Üí https://soundcloud.com/vkstyle Twitter ‚Üí https://twitter.com/VKstylemusic Facebook ‚Üí https://www.facebook.com/VKstyle Official website ‚Üí http://www.vk-style.com/ ‚òÖ Otokaze: Soundclound ‚Üí https://soundcloud.com/taka-a-k-a-oto... ‚òÖ „Éè„É†: Soundclound ‚Üí https://soundcloud.com/hamu_lr Twitter ‚Üí https://twitter.com/hamu_lr ‚òÖ Sakuzyo ÂâäÈô§: Soundclound ‚Üí https://soundcloud.com/sakuzyo Twitter ‚Üí https://twitter.com/sakuzyo_skz Youtube ‚Üí https://www.youtube.com/user/MagicMas... Biglobe ‚Üíhttp://www7b.biglobe.ne.jp/~ssbossmix/ ‚òÖ Takahiro Eguchi: Soundclound ‚Üí https://soundcloud.com/eguchi_t2 Twitter ‚Üí https://twitter.com/eguchi_t ‚òÖ Rapit: For some reason, we cant find this studio links even when Rabpit Record is very famous. Please help ! ‚òÖ Zeng Zhihao: We have the same problem for this artist. Please help ! ‚òÖ Illustrator: Êú®Â≠êÁøî Pivix: http://www.pixiv.net/member_illust.php?id=652180 ‚òÖ Background: http://www.zerochan.net/1726928 If any artist, producer, circle or studio have any issue with this upload, please contact: EschatologicalGene@gmail.com and this will be modified right away."
10/18/2017 6:13:56 PM,https://www.youtube.com/watch?v=FVpG-RtZFE0,MrSuicideSheep,EXGF - We Are The Hearts,Pulls at my heart with strings of power. Download... http://bit.ly/1BbAT0w EXGF https://soundcloud.com/exgftheband http://www.exgf.la/ http://nofacenights.tumblr.com/ Artwork by Wojtek Fus http://fav.me/d6wdphd https://www.facebook.com/fus.wojtek Sheepy on Spotify http://bit.ly/MrSuicideSheepSpotify Facebooobs https://www.facebook.com/MrSuicideSheep Follow on Soundcloud https://soundcloud.com/mrsuicidesheep Follow on Twitter https://twitter.com/mrsuicidesheep Website http://mrsuicidesheep.com Sheepy Shop http://bit.ly/2b8GvBm Submit Tracks http://bit.ly/2aPHMvw
12/3/2017 4:01:09 PM,https://www.youtube.com/watch?v=quhvZ6KG02M,xKito Music,„ÄêChill„ÄëArk Patrol - Tokyo (Subranger Remix),"‚ô´ Get it here: http://www.bit.ly/arkpatrol-tokyo-download The Remixes EP for Ark Patrol - Tokyo is out now on Heroic Recordings including this and many more remixes! If you listened to my Chillstep Compilation from yesterday you might notice this is track #3! Enjoy ‚ô• ‚ñ∫Subranger: https://soundcloud.com/iamsubranger https://www.facebook.com/pages/Subranger/194784104029630 ‚ñ∫Ark Patrol: https://www.facebook.com/ArkPatrol https://www.soundcloud.com/ArkPatrol https://www.twitter.com/ArkPatrol https://www.youtube.com/ArkPatrolUS ‚ñ∫Heroic Recordings: https://www.facebook.com/heroicrecordings https://www.soundcloud.com/heroicrecordings https://www.twitter.com/heroicrec https://www.youtube.com/heroicrecordings https://www.heroicrecordings.com ‚ñ∫xKito Music: https://www.facebook.com/xKitoMusic https://www.youtube.com/user/xkitomusic ‚ñ∫Submit your music to xKito: https://drive.google.com/file/d/0B1IkaQmZJAt-WkhSOFFHMkVGUU0/edit?usp=sharing ‚ñ∫PICTURE ‚Üí http://i.imgur.com/I35RUgx.jpg ¬©Screenshot: Tokyo Ghoul (Anime) - - - - - - - - - - - - - - - - - - - - - - - - - - - - - - - - - - - - - - - - - - - - - - - - ‚ñ∫DONATE VIA PAYPAL OR PAYSAFE CARD ‚Üí http://tinyurl.com/oh6c2vc [If you decide to donate, please leave a note with your youtube name if you want that displayed instead of your real name. With paysafecards just send the code to my Facebook/Youtube Inbox] ‚ñ∫List of donors: https://docs.google.com/document/d/1YKBo40AOU4qe4bsuuGhvo2f0GlmlQQFT1LvbrXBxWJs/edit?usp=sharing - - - - - - - - - - - - - - - - - - - - - - - - - - - - - - - - - - - - - - - - - - - - - - - - ‚Ä¢IMPORTANT: If there are copyright issues with any of my videos from producer or label's side (including artists of the images used), please send an e-mail to: xkitomusic@gmail.com and I will remove it immediately!"
12/21/2017 3:30:37 PM,https://www.youtube.com/watch?v=yHVCjsyr9F0,xKito Music,Whethan - Aftertaste (feat. Opia),üíø Spotify: https://open.spotify.com/album/0FO7Aa7r5ZXQF01PIdRFCp üéµ iTunes: https://itunes.apple.com/us/album/aftertaste-feat-opia-single/1325747633 üé∂ Genre: Electronic üíΩ Label: Atlantic Recording üëâ Whethan: https://soundcloud.com/whethan https://twitter.com/whethanmusic?lang=en https://www.instagram.com/whethanmusic/?hl=en https://www.facebook.com/whethanmusic/?fref=ts https://www.youtube.com/channel/UCdEaXmsR8KamysKFVc6F0QA üëâ Opia: https://soundcloud.com/opia-official https://www.facebook.com/opiaofficial/ https://twitter.com/opiaofficial https://www.instagram.com/thisisopia/ ‚≠êÔ∏è xKito Music: https://www.facebook.com/xKitoMusic https://twitter.com/xkito_music https://instagram.com/belgin.xk/ https://soundcloud.com/xkitomusic https://www.youtube.com/c/xKitoMusic üìÑ Submit your music to xKito: https://goo.gl/mQkm4u ‚úèÔ∏èSUBMIT YOUR ARTWORK! You like to draw and would like your art to be featured on an xKito Music Video? Submit it here ‚Üí https://goo.gl/uKfWmj üñº PICTURE: https://claparo-sans.deviantart.com/art/YOI-Victor-3-691130742 ¬©Artwork by: Claparo-Sans https://claparo-sans.deviantart.com/ https://www.patreon.com/claparo https://www.instagram.com/claparo/ https://www.facebook.com/claparosans/ https://twitter.com/phonganh_old/ https://www.youtube.com/user/Alakhaos/ http://drunk-ship.tumblr.com/ ‚ùóÔ∏è Usage Policy: üö´ Please get in touch with the label for usage of this track in your Youtube videos. ‚ûñ‚ûñ‚ûñ‚ûñ‚ûñ‚ûñ‚ûñ‚ûñ‚ûñ‚ûñ‚ûñ‚ûñ For business inquiries and other issues please contact xkitomusic@gmail.com
2/2/2018 4:00:19 PM,https://www.youtube.com/watch?v=nv45GebtX70,GalaxyMusic,Rogue - Night After Night,"Follow our Spotify Playlist: http://spoti.fi/2um1hG2 ‚òÖ Song: Rogue - Night After Night (Original Mix) ‚òÖ ‚òÖ ORDER HERE: http://www.beatport.com/release/night-after-night/1339433 ‚òÖ Follow Rogue: http://youtube.com/roguemoosic http://facebook.com/RogueUK http://soundcloud.com/rogueuk http://twitter.com/RogueMoosic ‚òÖ Follow Monstercat: http://twitter.com/Monstercat http://soundcloud.com/Monstercat ttp://facebook.com/MonstercatMedia ‚òÖ Follow GalaxyMusicNetwork: https://www.facebook.com/UDubsteptv http://soundcloud.com/udubsteptv ‚òÖ Picture: http://www.upload-pictures.de/bild.php/62923,episode12116W28CF.jpg"
2/18/2018 4:45:23 PM,https://www.youtube.com/watch?v=VXxpIB0cEr0,GalaxyMusic,Oh Wonder - Lose It (Mike Ocean Remix),"Oh Wonder - Lose It (Mike Ocean Remix) Follow our Spotify Playlist: http://spoti.fi/2um1hG2 Download/Stream: http://hypeddit.com/track/sc/ejvatp Follow Mike Ocean https://soundcloud.com/itsmikeocean Follow Oh Wonder https://soundcloud.com/ohwondermusic Follow GalaxyMusic ‚òÖ Facebook: https://goo.gl/kE1LVw ‚òÖ Soundcloud: https://goo.gl/VniEzT ‚òÖ Spotify: https://goo.gl/Nops9M ‚òÖ Twitter: https://goo.gl/dfAfNn ‚òÖ Instagram: https://goo.gl/zvUj8x ‚òÖ YouTube: http://goo.gl/ammBLs IMPORTANT: If any artist or label has copyright issues with my videos (including artists of the images used), please send an e-mail to: copyrightgalaxymusic@gmail.com and I will remove it immediately!"
2/18/2018 4:45:23 PM,https://www.youtube.com/watch?v=R38rancmikQ,MrSuicideSheep,Goldroom - Silhouette,Silhouette! Download... http://apple.co/29zBzUi Goldroom https://soundcloud.com/goldroom http://goldroom.la/ https://www.facebook.com/goldroom https://twitter.com/goldroom Released by Downtown Records https://soundcloud.com/downtownrecords http://downtownrecords.com/ https://www.facebook.com/DowntownRecords https://twitter.com/downtownrecords Picture by Christopher Sardegna https://unsplash.com/photos/bSmKli4OTIY https://chrissardegna.com Full channel playlist on Spotify!!!! Click and listen for hours! http://bit.ly/MrSuicideSheepSpotify Facebooobs https://www.facebook.com/MrSuicideSheep Follow on Soundcloud https://soundcloud.com/mrsuicidesheep Follow on Twitter https://twitter.com/mrsuicidesheep Website http://mrsuicidesheep.com/ Sheepy Shop http://bit.ly/2eX4dkf Submit Tracks http://bit.ly/2aPHMvw
2/18/2018 4:45:23 PM,https://www.youtube.com/watch?v=C9FGQ04lyWY,Pierce Fulton,Can't Judge (Pierce Fulton Remix),"I decided to put out a song, spur of the moment, to celebrate the start of my Better Places Tour next week! From November 14 - December 16 I'll be touring all around the U.S. Grab your tickets at www.betterplacestour.com Around 2 years ago I was in Miami for WMC/Ultra week and I was at my hotel getting ready to go play a gig. I had been reading Keith Richards' memoir called ""Life"" and I really loved how much he talked about his musical influences throughout the book. One of those influences was Bo Diddley. After I had listened to a few of Diddley's songs, one song in particular had this moment that kept looping in my mind. I pulled out my laptop right before my show and created the first, really rough version of this remix...I really enjoyed making this and I am so happy to share it with you after so long! Pierce Subscribe and be the first to see new Pierce Fulton: http://bit.ly/1BKJEfj Follow Pierce Fulton: SoundCloud: https://soundcloud.com/piercefulton Facebook: https://www.facebook.com/PierceFulton Twitter: https://twitter.com/piercefulton Instagram: http://instagram.com/piercefulton Watch more Pierce Fulton: Music playlist: http://bit.ly/1Mu1Mni Interviews playlist: http://bit.ly/1iARTI9 In The Studio playlist: http://bit.ly/1Fk2wc0 Music Videos playlist: http://bit.ly/1QlzA48 On Tour playlist: http://bit.ly/1FQKPvU Snapchat Sundays playlist: http://bit.ly/1KkI6fV Purchase Pierce Fulton: iTunes: http://apple.co/1AOQ9TA Spotify: http://spoti.fi/1IhTji9 Beatport: http://btprt.dj/1JrKLII Amazon MP3: http://amzn.to/1IhTmdW Google Play: http://bit.ly/1H8Rfue"
2/18/2018 4:45:23 PM,https://www.youtube.com/watch?v=_r37VG6G7eQ,GalaxyMusic,Illenium - Sleepwalker (feat. Joni Fatora),Follow our Spotify Playlist: http://spoti.fi/2um1hG2 Awesome Melodic Dubstep by Illenium! Sleepwalker ft. Joni Fatora is out now on the Ashes EP! iTunes: https://itunes.apple.com/us/album/ash... Free Download: http://www.hive.co/l/jppz Spotify: https://play.spotify.com/album/1aNWsf... Illenium - Ashes [Seeking Blue | 2016] 1. Illenium - Reverie (feat. King Deco) 2. Illenium - Fortress (feat. Joni Fatora) 3. Illenium - With You (feat. Quinn XCII) 4. Illenium - Sleepwalker (feat. Joni Fatora) 5. Illenium - It's All on U (feat. Liam O'Donnell) 6. Illenium & Sound Remedy - Spirals (feat. King Deco) 7. Illenium - Without You (feat. SKYLR) 8. Illenium - Only One (feat. Nina Sung) 9. Illenium - I'll Be Your Reason 10. Illenium - Afterlife (feat. Echos) 11. Illenium - Jester (Bonus Track) 12. Illenium - Bring Forth the Pressure (Bonus Track) Follow Illenium https://soundcloud.com/illeniumofficial https://www.facebook.com/Illenium/ https://twitter.com/ILLENIUMMUSIC Follow Joni Fatora https://soundcloud.com/jonifatora https://www.facebook.com/JoniFatora https://www.instagram.com/jonifatora https://twitter.com/jonifatora Follow Seeking Blue: https://soundcloud.com/seeking-blue Follow GalaxyMusic Facebook: https://www.facebook.com/UDubsteptv Soundcloud: https://soundcloud.com/itsgalaxy YouTube: https://youtube.com/GalaxyMusic Instagram: https://www.instagram.com/itsgalaxymu... Wonderful Artwork by: http://kuvshinov-ilya.deviantart.com/... https://www.facebook.com/KuvshinovIlia https://twitter.com/Kuvshinov_Ilya https://instagram.com/kuvshinov_ilya/ http://kuvshinov-ilya.tumblr.com/
2/18/2018 4:45:23 PM,https://www.youtube.com/watch?v=TLKHx49X6sc,Aviencloud,Steelix ‚Äì Lay it down (Lyrics) [CC],"Aviencloud ‚Äì Music for everyone! ‚Ä¢ Steelix - Lay it down (Original Mix) [Funk/Nu Disco] ‚Ä¢ Open me senpai and support the music artist, artwork artist and grab your download  ï‚Ä¢Õ°…õ‚Ä¢Õ° º º î. ‚Ä¢ For more music click here: http://bit.ly/1lXTxUN ¬ª Download: http://steelix.bandcamp.com/releases Support us https://youtube.com/user/Aviencloud https://facebook.com/Aviencloud https://twitter.com/Aviencloud https://soundcloud.com/aviencloud Support Steelix https://soundcloud.com/steeelix https://twitter.com/guccitokens Wallpaper: http://goo.gl/9rlSOo Submit: aviencloud@gmail.com"
2/18/2018 4:45:23 PM,https://www.youtube.com/watch?v=Go2jbER0wk0,Post Productions,Bob Dylan - Lay Lady Lay,All rights belong to Bob Dylan
2/18/2018 4:45:23 PM,https://www.youtube.com/watch?v=Exdjzcx6_6M,Proximity,"Rudimental - These Days [AJR Remix] (ft. Jess Glynne, Macklemore & Dan Caplen)","Rudimental - These Days [AJR Remix] (ft. Jess Glynne, Macklemore & Dan Caplen) ‚úò Spotify: http://spoti.fi/Proximity ‚úò Facebook: http://bit.ly/FBProximity One of the longest titles for a track but this song is gooooood. You've most likely heard the originally and you've most likely heard AJR's originals as well, but they crushed this remix. Hope you all enjoy! :) ‚Ä¢Rudimental: https://soundcloud.com/rudimental https://www.facebook.com/Rudimental https://twitter.com/Rudimental http://www.rudimental.co.uk ‚Ä¢AJR: https://soundcloud.com/ajrbrothers https://www.facebook.com/AJRBrothers https://twitter.com/AJRBrothers Picture by: Beeple http://beeple-crap.com / http://instagram.com/beeple_crap/ ‚ö°Copyright Free Music!‚ö° http://bit.ly/CopyrightFreePRX"
2/18/2018 4:45:23 PM,https://www.youtube.com/watch?v=DDAZBbumAT4,GalaxyMusic,Lauv - I Like Me Better (NeonMeow Remix),"Lauv - I Like Me Better (NeonMeow Remix) Follow our Spotify Playlist: http://spoti.fi/2um1hG2 If you enjoyed it, vote for the remix here https://skiomusic.com/neonmeow/lauv-i-like-me-better-neon-meow-remix Follow NeonMeow https://soundcloud.com/neon-meow Follow Lauv https://soundcloud.com/lauvsongs Follow GalaxyMusic ‚òÖ Facebook: https://goo.gl/kE1LVw ‚òÖ Soundcloud: https://goo.gl/VniEzT ‚òÖ Spotify: https://goo.gl/Nops9M ‚òÖ Twitter: https://goo.gl/dfAfNn ‚òÖ Instagram: https://goo.gl/zvUj8x ‚òÖ YouTube: http://goo.gl/ammBLs IMPORTANT: If any artist or label has copyright issues with my videos (including artists of the images used), please send an e-mail to: copyrightgalaxymusic@gmail.com and I will remove it immediately!"
2/18/2018 4:45:23 PM,https://www.youtube.com/watch?v=CDqkNxMTAOA,Chill Nation,Loote - Your Side Of The Bed,"‚¨áÔ∏èÔ∏è Download 'Loote - Your Side Of The Bed' ‚Ä¢ http://islandrecs.lnk.to/looteysotb Add me on Snapchat üëª ‚Ä¢ ChillNation ‚ô´ Support Chill Nation Spotify ‚Ä¢ http://lnk.to/chill-nation http://instagram.com/chillnation http://twitter.com/allchillnation http://soundcloud.com/allchillnation ‚ô´ Follow Loote http://facebook.com/gimmedatloote http://twitter.com/gimmedatloote http://instagram.com/gimmedatloote Background üì∑ ‚Ä¢ http://unsplash.com/photos/HtUBBdNDxpQ ¬© For copyright issues, please email me on andre@nations.io Tags ‚Ä¢ #loote #yoursideofthebed #electronic #chillnation #chill"
2/18/2018 4:45:23 PM,https://www.youtube.com/watch?v=GcwAx4TOTxI,Proximity,Kanye West - Good Life ft. T-Pain (DSTAR x Rick Wonder Remix),Kanye West - Good Life ft. T-Pain (DSTAR x Rick Wonder Remix) ‚úò Spotify: http://spoti.fi/Proximity ‚úò Facebook: http://bit.ly/FBProximity Wow this remix is a smash. Talk about bringing back a classic. I love and grew up on Kanye so this song has some sentimental value to me - and to see this twist is really nice because it's actually a really good remix. I hope you all enjoy it as well! :) Kanye West: https://soundcloud.com/kanyewest https://www.kanyewest.com/ T-Pain: https://twitter.com/TPAIN https://www.facebook.com/t-pain/ https://www.instagram.com/tpain DSTAR: https://soundcloud.com/djdstarmusic https://www.facebook.com/djdstarofficial/ https://twitter.com/djdstar Rick Wonder: https://soundcloud.com/rickwonder https://www.facebook.com/RickWonderOfficial https://twitter.com/djrickwonder https://www.instagram.com/rickwonder/ Picture by: Beeple http://beeple-crap.com / http://instagram.com/beeple_crap/ ‚ö°Copyright Free Music!‚ö° http://bit.ly/CopyrightFreePRX
2/18/2018 4:45:23 PM,https://www.youtube.com/watch?v=ekEYX_yo_wE,ENM,Alex Lewis - Just So Right (Funk LeBlanc Remix),"Support on iTunes: http://enm.link/1sXqxO1 Support on Beatport: http://enm.link/1whT53T Support on Amazon: http://enm.link/1vxLGPw Support on Google Play: http://enm.link/1zkJL4P Listen on Spotify: http://enm.link/1upzmg0 Listen on Soundcloud: http://enm.link/ZNW0GM Listen to more on ""ENM Happy"" playlist http://enm.link/ENMHappy ‚ñ∫ Funk LeBlanc FB: http://facebook.com/funklb Twitter: http://twitter.com/funkleblanc Soundcloud: http://soundcloud.com/funk-leblanc ‚ñ∫ Alex Lewis FB: http://facebook.com/AlexLewisMusic Soundcloud: http://soundcloud.com/alexlewis ‚ñ∫ Tom Skender Facebook: https://facebook.com/moxie2d Tumblr: http://moxie2d.tumblr.com/ DeviantArt: http://moxie2d.deviantart.com ‚ñ∫ ENM - EpicNetworkMusic FB: http://facebook.com/epicnetworkmusic Twitter: http://twitter.com/epicnetwork Soundcloud: http://soundcloud.com/enm Instagram: http://instagram.com/enmofficial Google+ http://google.com/+EpicNetworkMusic ENM Art Originals by Tom Skender & Nerior Find this artwork by Tom Skender on our Tumblr http://epicnetworkmusic.tumblr.com/"
2/18/2018 4:45:23 PM,https://www.youtube.com/watch?v=MLAORGaM-g4,ENM,Special Features - Save The Beat,"‚òû We're also on Soundcloud! http://soundcloud.com/enm ‚ú™ ENM Classics ‚ú™ http://enm.link/enmclassics Download ""Save The Beat"" free: http://bit.ly/1jJev65 Make sure to subscribe for more music! http://enm.link/SubToENM Become a fan of Special Features ‚òû FB: http://facebook.com/speshfeatures ‚òû Soundcloud: http://soundcloud.com/specialfeatures ‚òû Twitter: http://twitter.com/speshfeatures Artwork by Nerior http://bit.ly/1kAkvOM ENM - EpicNetworkMusic ‚òû FB: http://facebook.com/epicnetworkmusic ‚òû Twitter: http://twitter.com/epicnetwork ‚òû Soundcloud: http://soundcloud.com/epicnetworkmusic ‚òû Instagram: http://instagram.com/enmofficial ‚òû Google+ http://google.com/+EpicNetworkMusic"
2/18/2018 4:45:23 PM,https://www.youtube.com/watch?v=TBZq0SB22Yg,ENM,Great Good Fine OK - Youre The One For Me (option4 Remix),‚ú™ ENM Chill & Relax ‚ú™ http://enm.link/ChillNRelax Free Download: http://on.fb.me/1bNW0Js Become a fan of Great Good Fine OK FB: https://facebook.com/GreatGoodFineOk Soundcloud: http://soundcloud.com/greatgoodfineok Become a fan of option4 FB: https://facebook.com/option4music Soundcloud: https://soundcloud.com/option4 Artwork link: http://bit.ly/1bEsuoC ------------------------------------------------------------ Stay connected with us FB: http://on.fb.me/tWNN6B @epicnetwork Google+ http://google.com/+EpicNetworkMusic Soundcloud: http://snd.sc/1hQlDce ------------------------------------------------------------ Track's title: Great Good Fine OK - Youre The One For Me (option4 Remix)
2/18/2018 4:45:23 PM,https://www.youtube.com/watch?v=4MUgxD_0iVs,GalaxyMusic,San Holo - Light (Beau Collins Remix),"San Holo - Light (Beau Collins Remix) Follow our Spotify Playlist: http://spoti.fi/2um1hG2 Download/Stream: https://theartistunion.com/tracks/0c960b Follow Beau Collins https://soundcloud.com/beaucollins Follow San Holo https://soundcloud.com/sanholobeats Follow GalaxyMusic ‚òÖ Facebook: https://goo.gl/kE1LVw ‚òÖ Soundcloud: https://goo.gl/VniEzT ‚òÖ Spotify: https://goo.gl/Nops9M ‚òÖ Twitter: https://goo.gl/dfAfNn ‚òÖ Instagram: https://goo.gl/zvUj8x ‚òÖ YouTube: http://goo.gl/ammBLs IMPORTANT: If any artist or label has copyright issues with my videos (including artists of the images used), please send an e-mail to: copyrightgalaxymusic@gmail.com and I will remove it immediately! Hashtags: #pop #popmusic #dance #dancemusic #electronic #edm"
2/18/2018 4:45:23 PM,https://www.youtube.com/watch?v=mixDd443nos,Proximity,Justin Caruso - More Than A Stranger (ft. Cappa & Ryan Hicari) [Lyric Video],Justin Caruso - More Than A Stranger (feat. Cappa & Ryan Hicari) ‚úò Spotify: http://spoti.fi/Proximity ‚úò Facebook: http://bit.ly/FBProximity New Justin Caruso is on point. Cappa & Ryan Hicari's voices blend together really well and the simple chords make this a really good and easy song to listen to. I hope you all enjoy! :) ‚Ä¢Justin Caruso: https://soundcloud.com/justin-caruso-... https://www.facebook.com/JustinCaruso... https://www.instagram.com/justincarus... https://twitter.com/Justin_Caruso ‚Ä¢Cappa: https://soundcloud.com/cappa-music https://www.facebook.com/cappamusic ‚Ä¢Ryan Hicari: https://soundcloud.com/ryanhicari https://www.facebook.com/ryanhicari Video by: The Pyramid Watch https://www.facebook.com/thepyramidwatch/ ‚ö°Copyright Free Music!‚ö° http://bit.ly/CopyrightFreePRX Tags:
2/18/2018 4:45:23 PM,https://www.youtube.com/watch?v=AgfkerUshcU,Proximity,Khalid & Normani - Love Lies (Jimmie x Felix Palmqvist Remix),Khalid & Normani - Love Lies (Jimmie x Felix Palmqvist Remix) ‚úò Spotify: http://spoti.fi/Proximity ‚úò Facebook: http://bit.ly/FBProximity ‚Ä¢Jimmie: https://soundcloud.com/itsmejimmie https://www.facebook.com/itsmejimmie https://twitter.com/itsmeJimmie Picture by: Beeple http://beeple-crap.com / http://instagram.com/beeple_crap/ ‚ö°Copyright Free Music!‚ö° http://bit.ly/CopyrightFreePRX
2/18/2018 4:45:23 PM,https://www.youtube.com/watch?v=4jm0_6Pj2sQ,GalaxyMusic,Louis Futon - Fall On Me (feat. BXRBER),"Louis Futon - Fall On Me (feat. BXRBER) Artwork by WIZYOU: https://www.instagram.com/bouherrour/ https://www.facebook.com/WizyouSTAFF/ https://www.artstation.com/wizyoubouherrour https://www.youtube.com/user/Bouherrour Follow our Spotify Playlist: http://spoti.fi/2um1hG2 Download/Stream: https://louisfuton.lnk.to/fallonme Follow Louis Futon https://www.facebook.com/Louisfutonbeats http://www.louisfutonbeats.com/ https://twitter.com/louisfutonbeats Follow BXRBER https://soundcloud.com/bxrber Follow GalaxyMusic ‚òÖ Facebook: https://goo.gl/kE1LVw ‚òÖ Soundcloud: https://goo.gl/VniEzT ‚òÖ Spotify: https://goo.gl/Nops9M ‚òÖ Twitter: https://goo.gl/dfAfNn ‚òÖ Instagram: https://goo.gl/zvUj8x ‚òÖ YouTube: http://goo.gl/ammBLs IMPORTANT: If any artist or label has copyright issues with my videos (including artists of the images used), please send an e-mail to: copyrightgalaxymusic@gmail.com and I will remove it immediately! Hashtags: #pop #popmusic #dance #dancemusic #electronic #edm"
2/18/2018 4:45:23 PM,https://www.youtube.com/watch?v=GPVaYDzxljc,Proximity,Steve Aoki - Pretender (ft. AJR & Lil Yachty),Follow Proximity on: Join the Notification Squad! Click the üîîBell. ‚úò Spotify: http://spoti.fi/Proximity ‚úò Facebook: http://bit.ly/FBProximity Haven't had Steve Aoki on the channel for a little bit but I love this song. Vocals by AJR are always good and Lil Yachty on point. Hope you all enjoy this one. :) ‚Ä¢Steve Aoki https://soundcloud.com/steveaoki https://www.instagram.com/steveaoki/ https://www.facebook.com/steveaoki/ https://twitter.com/steveaoki ‚Ä¢Lil Yachty https://www.lilyachty.com http://instagram.com/lilyachty https://twitter.com/lilyachty ‚Ä¢AJR: https://soundcloud.com/ajrbrothers https://twitter.com/AJRBrothers https://www.facebook.com/AJRBrothers Picture by: Beeple http://beeple-crap.com / http://instagram.com/beeple_crap/ ‚ö°Copyright Free Music!‚ö° http://bit.ly/CopyrightFreePRX Tags:
2/18/2018 4:45:23 PM,https://www.youtube.com/watch?v=x-S9ggjcftw,Shaden,Touch - Mattia Cupelli,"[I'M NOT THE OWNER OR AUTHOR OF THE MUSIC] ""Touch"" is an emotional and sad music by Mattia Cupelli."
2/18/2018 4:45:23 PM,https://www.youtube.com/watch?v=SrR7MxD5ZWY,KygoOfficialVEVO,"Kygo, Imagine Dragons - Born To Be Yours (Audio)","Music video by Kygo, Imagine Dragons performing Born To Be Yours (Audio). (C) 2018 Kygo AS under exclusive license to Sony Music Entertainment International Ltd / Ultra Records, LLC http://vevo.ly/IEQ3d9 #Kygo #BornToBeYours #vevo #electronic #vevoofficial #audio"
2/18/2018 4:45:23 PM,https://www.youtube.com/watch?v=ecQCstEnpY8,The Vibe Guide,BUNT. - Gypsy Heart,For more quality music subscribe here ‚û° http://po.st/thvbgd We're on Spotify ‚û° http://spoti.fi/2emyb3v THE VIBE GUIDE - Your guide to the latest music trends. ‚û° http://thevibeguide.net ‚û° http://facebook.com/thevibeguide ‚û° http://instagram.com/thevibeguide ‚û° http://soundcloud.com/thevibeguide ‚úñ Support BUNT: https://www.facebook.com/wearebunt https://soundcloud.com/wearebunt https://twitter.com/wearebunt ‚úñ Download: https://itunes.apple.com/us/album/gypsy-heart-single/id1212813954 ‚úñ Image: https://unsplash.com/@dnevozhai Send your submission to: info@thevibeguide.net #thevibeguide #tvgfestival #tvgfest #chill #chill music #house music #future house #deep house #trap BUNT. - Gipsy Heart
2/18/2018 4:45:23 PM,https://www.youtube.com/watch?v=1eg11CtCgJw,Proximity,Lauv - I Like Me Better (Feather Remix),"Lauv - I Like Me Better (Feather Remix) Join the Notification Squad! Click the üîîBell. ‚úò Spotify: http://spoti.fi/Proximity ‚úò Facebook: http://bit.ly/FBProximity Okay - When I received this I thought wow a remix of an old song but I thought wow this is an amazing remix that has to go up on Proximity immediately. The ODESZA vibes are strong in this one and I am not complaining - production and vocals flow so well together, can't wait to hear more of Feather. Hope you all enjoy! :) ‚Ä¢Lauv: https://soundcloud.com/lauvsongs https://www.facebook.com/lauvsongs/ ‚Ä¢Feather: https://soundcloud.com/feather https://twitter.com/featherofficial https://www.instagram.com/feather/ Picture by: Beeple http://beeple-crap.com / http://instagram.com/beeple_crap/ ‚ö°Copyright Free Music!‚ö° http://bit.ly/CopyrightFreePRX Tags:"
2/18/2018 4:45:23 PM,https://www.youtube.com/watch?v=BjTbELSqgYc,Aviencloud,Forrest. ‚Äì Your Soul (ft. Biskwiq) (Lyrics) [CC],"Aviencloud ‚Äì Taking you to a better place ‚Ä¢ Forrest. - Your Soul (ft. Biskwiq) [R&B] ‚Ä¢ Open me senpai and support the music artist, artwork artist and grab your download  ï‚Ä¢Õ°…õ‚Ä¢Õ° º º î. ‚Ä¢ Don't forget to check the 24/7 live stream: https://goo.gl/4EN3uN ‚Ä¢ For more music click here: http://bit.ly/CloudyLand Aviencloud Sing with me! (Lyrics's) [Playlist] - http://goo.gl/XH6AvN Aviencloud Ambient Chill & Relax [Playlist] - https://goo.gl/r5IZMo Aviencloud Classics [Playlist] - https://goo.gl/hqcVqZ Aviencloud Happy Vibe [Playlist] - https://goo.gl/a1K63Z Aviencloud Hip Hop Hood [Playlist] - https://goo.gl/iuZGrD ¬ª Download: https://song.link/us/i/1390087236 Support Forrest. https://soundcloud.com/forrestfrank https://open.spotify.com/artist/6chWbUfdu6ibyaCXM1w8kQ?si=dz1ZvQAjRNC6iroEj7bMEA https://itunes.apple.com/us/artist/forrest/1124229751 https://instagram.com/forrestfrankmusic https://twitter.com/forresure Support Biskwiq https://soundcloud.com/biskwiq https://twitter.com/biskwiq https://instagram.com/biskwiq/ https://open.spotify.com/artist/7J4Pg0NGyrWoMrROYhnlP6 https://snapchat.com/add/timaspan Support us https://discord.me/Aviencloud https://open.spotify.com/user/aviencloud/playlist/1eHx5AddXZB5KqYOczgArk https://reddit.com/r/Aviencloud https://facebook.com/Aviencloud https://soundcloud.com/aviencloud https://instagram.com/aviencloud https://plus.google.com/+Aviencloud https://twitter.com/Aviencloud https://youtube.com/user/Aviencloud -- Support Mikitail https://twitter.com/mikitail https://www.pixiv.net/member.php?id=1778243 Artwork by Mikitail https://www.pixiv.net/member_illust.php?mode=medium&illust_id=50916106"
2/18/2018 4:45:23 PM,https://www.youtube.com/watch?v=f6vgWn0ehQ0,ENM,Black Tiger Sex Machine - Destroy It (Urban Contact Remix),Get 'Destroy it' EP on Beatport: http://www.beatport.com/release/destroy-it/1081772 Become a fan of Black Tiger Sex Machine https://www.facebook.com/official.btsm Become a fan of Urban Contact https://www.facebook.com/UrbanContact Follow Kannibalen Records on https://www.facebook.com/Kannibalen.Records ------------------------------------------------------------ Epic Network: Facebook: https://www.facebook.com/epicnetworkrecords Twitter: https://twitter.com/epicnetwork Google+ http://goo.gl/uO7n1 Soundcloud: http://soundcloud.com/epicnetworkrecords ------------------------------------------------------------ Artwork by TempestDH http://tempestdh.deviantart.com/ Wallpaper Download: http://tempestdh.deviantart.com/art/Sexy-girl-359454449 ------------------------------------------------------------ Track's title: Black Tiger Sex Machine - Destroy It (Urban Contact Remix)
2/18/2018 4:45:23 PM,https://www.youtube.com/watch?v=N4qshak1dYM,ÏûºÏã§Ïö©ÏùåÏïÖÌïôÏõê,[ÏûºÏã§Ïö©ÏùåÏïÖÌïôÏõê Ìï©Í≤©Ïûê ÏòÅÏÉÅ] Ìò∏ÏõêÎåÄÌïôÍµê Ïã§Ïö©ÏùåÏïÖÍ≥º Î≤†Ïù¥Ïä§Ï†ÑÍ≥µ 17ÌïôÎ≤à ÎÖ∏ÏãúÏò® bass solo,[ÏûºÏã§Ïö©ÏùåÏïÖÌïôÏõê Ìï©Í≤©Ïûê ÏòÅÏÉÅ] Ìò∏ÏõêÎåÄÌïôÍµê Ïã§Ïö©ÏùåÏïÖÍ≥º Î≤†Ïù¥Ïä§Ï†ÑÍ≥µ 17ÌïôÎ≤à ÎÖ∏ÏãúÏò®
2/18/2018 4:45:23 PM,https://www.youtube.com/watch?v=ZlWIMZUPejE,Aviencloud,A-P Connection ‚Äì Right Now (feat. Ryan Konline),"Aviencloud ‚Äì Taking you to a better place ‚Ä¢ A-P Connection - Right Now [Funk] ‚Ä¢ Open me senpai and support the music artist, artwork artist and grab your download  ï‚Ä¢Õ°…õ‚Ä¢Õ° º º î. ‚Ä¢ Don't forget to check the 24/7 live stream: https://goo.gl/4EN3uN ‚Ä¢ For more music click here: http://bit.ly/CloudyLand Aviencloud FREE Music To Use [Playlist] - https://goo.gl/9Rnvnt Aviencloud Sing with me! (Lyrics's) [Playlist] - http://goo.gl/XH6AvN Aviencloud Ambient Chill & Relax [Playlist] - https://goo.gl/r5IZMo Aviencloud Classics [Playlist] - https://goo.gl/hqcVqZ Aviencloud Happy Vibe [Playlist] - https://goo.gl/a1K63Z ¬ª Download: https://fanlink.to/A-PConnectionRightNow A-P Connection's EP ""Dawn Of The Future"" released on his own Tracklist: 01. A-P Connection ‚Äì Right Now (feat. Ryan Konline) ¬´ 02. A-P Connection ‚Äì Recognize (feat. Chuck New) 03. A-P Connection ‚Äì Neon Sunset (feat. L√© Real) 04. A-P Connection ‚Äì Pool Party (feat. Jeremey David) Support A-P Connection https://soundcloud.com/apconnectionmusic https://facebook.com/APConnectionfunk https://instagram.com/apconnection_officiel/ https://twitter.com/a_pconnection https://youtube.com/c/APConnectionofficiel https://open.spotify.com/artist/6uJ3byxMvAQqbWpns9Upgc Support Ryan Konline https://soundcloud.com/ryankonline Support us http://www.aviencloud.com https://discord.me/Aviencloud https://open.spotify.com/user/aviencloud/playlist/1eHx5AddXZB5KqYOczgArk https://reddit.com/r/Aviencloud https://facebook.com/Aviencloud https://soundcloud.com/aviencloud https://instagram.com/aviencloud https://plus.google.com/+Aviencloud https://twitter.com/Aviencloud https://youtube.com/user/Aviencloud -- Support Mery https://www.pixiv.net/member.php?id=2750098 Artwork by Mery https://www.pixiv.net/member_illust.php?mode=medium&illust_id=69371629 -- Submit your music & artwork: http://aviencloud.com/submission"
2/18/2018 4:45:23 PM,https://www.youtube.com/watch?v=HblExDJ_I-0,ENM,Ninth Parallel - Verloren,‚ú™ ENM Happy ‚ú™ http://goo.gl/AAMGAC Get ''Verloren'' for free: https://toneden.io/ninthparallel/post/ninth-parallel-verloren Become a fan of Ninth Parallel FB: https://facebook.com/ninthparallel Twitter: https://twitter.com/ninthparallel Soundcloud: http://soundcloud.com/ninthparallel Instagram: https://instagram.com/ninthparallel Artwork link: http://bit.ly/1ecaKyC ------------------------------------------------------------ Stay connected with us FB: http://on.fb.me/tWNN6B @epicnetwork Google+ http://google.com/+EpicNetworkMusic Soundcloud: http://snd.sc/1hQlDce ------------------------------------------------------------ Track's title: Ninth Parallel - Verloren
2/18/2018 4:45:23 PM,https://www.youtube.com/watch?v=CHCOfVRxghA,Proximity,Kaskade - Nobody Like You,Kaskade - Nobody Like You ‚úò Spotify: http://spoti.fi/Proximity ‚úò Facebook: http://bit.ly/FBProximity New Kaskade is always a good thing. Super catchy vocals and awesome downtempo beat that I hope you all enjoy! :) ‚Ä¢Kaskade: https://soundcloud.com/kaskade http://twitter.com/kaskade http://facebook.com/kaskade http://instagram.com/kaskade http://kaskademusic.com Picture by: Beeple http://beeple-crap.com / http://instagram.com/beeple_crap/ ‚ö°Copyright Free Music!‚ö° http://bit.ly/CopyrightFreePRX
2/18/2018 4:45:23 PM,https://www.youtube.com/watch?v=3a4mFXr4Zy4,Proximity,Adrian Lux - Teenage Crime (Christofi Remix),Follow Proximity on: Join the Notification Squad! Click the üîîBell. ‚úò Spotify: http://spoti.fi/Proximity ‚úò Facebook: http://bit.ly/FBProximity A classic vocal that has been remixed countless times but revitalized now by Christofi. Have this one on repeat and I definitely hear the Marshmello/video game vibes. Hope you all enjoy! :) ‚Ä¢Adrian Lux: https://soundcloud.com/adrianlux https://www.facebook.com/adrianluxmusic https://twitter.com/adrian_lux ‚Ä¢Christofi: https://soundcloud.com/christofi https://www.facebook.com/christofimusic https://twitter.com/christofimusic Picture by: Beeple http://beeple-crap.com / http://instagram.com/beeple_crap/ ‚ö°Copyright Free Music!‚ö° http://bit.ly/CopyrightFreePRX
2/18/2018 4:45:23 PM,https://www.youtube.com/watch?v=EPnENKRQYls,loreen bruns,Sascha Funke - Mango,house
